[
  {
    "timestamp": "2024-11-20 11:11:26",
    "operation": "deploy_up",
    "project": "arcadia",
    "status": "success",
    "message": "项目up成功"
  },
  {
    "timestamp": "2024-11-20 11:12:01",
    "operation": "deploy_down",
    "project": "arcadia",
    "status": "success",
    "message": "项目down成功"
  },
  {
    "timestamp": "2024-11-20 11:13:38",
    "operation": "deploy_up",
    "project": "amule",
    "status": "success",
    "message": "项目up成功"
  },
  {
    "timestamp": "2024-11-20 11:13:38",
    "operation": "deploy_up",
    "project": "arcadia",
    "status": "success",
    "message": "项目up成功"
  },
  {
    "timestamp": "2024-11-20 11:15:20",
    "operation": "deploy_down",
    "project": "amule",
    "status": "success",
    "message": "项目down成功"
  },
  {
    "timestamp": "2024-11-20 11:15:31",
    "operation": "deploy_down",
    "project": "arcadia",
    "status": "success",
    "message": "项目down成功"
  },
  {
    "timestamp": "2024-11-20 11:21:54",
    "operation": "deploy_up",
    "project": "amule",
    "status": "success",
    "message": "项目up成功"
  },
  {
    "timestamp": "2024-11-20 11:22:35",
    "operation": "deploy_down",
    "project": "amule",
    "status": "success",
    "message": "项目down成功"
  },
  {
    "timestamp": "2024-11-20 12:42:09",
    "operation": "create_project",
    "project": "dockge2",
    "status": "success",
    "message": "项目创建成功"
  },
  {
    "timestamp": "2024-11-20 13:34:55",
    "operation": "create_project",
    "project": "dd",
    "status": "success",
    "message": "项目创建成功"
  },
  {
    "timestamp": "2024-11-20 13:58:49",
    "operation": "create_project",
    "project": "ddd",
    "status": "success",
    "message": "项目创建成功"
  },
  {
    "timestamp": "2024-11-20 14:00:35",
    "operation": "create_project",
    "project": "aa",
    "status": "success",
    "message": "项目创建成功"
  },
  {
    "timestamp": "2024-11-20 14:26:10",
    "operation": "create_project",
    "project": "aa",
    "status": "success",
    "message": "项目创建成功"
  },
  {
    "timestamp": "2024-11-20 14:52:56",
    "operation": "create_project",
    "project": "dd",
    "status": "success",
    "message": "项目创建成功"
  },
  {
    "timestamp": "2024-11-20 15:15:39",
    "operation": "create_project",
    "project": "aa",
    "status": "success",
    "message": "项目创建成功"
  }
]